{"is_source_file": true, "format": "md", "description": ".md file: README.md", "external_files": [], "external_methods": [], "published": [], "classes": [], "methods": [], "calls": [], "search-terms": ["README.md", "md"], "state": 2, "filename": "README.md", "format-version": 4, "code-base-name": "https://github.com/kavia-common/openarticle-viewer-6411-6420.git:kavia-main", "knowledge_revision": 3, "git_revision": "e9a874bcd525302165a9890aec95b602e5bfb38e", "revision_history": [{"3": "e9a874bcd525302165a9890aec95b602e5bfb38e"}]}